{
	"info": {
		"_postman_id": "763a2471-6b02-4e7c-9847-c6005e5fa5fa",
		"name": "LECTURE-15",
		"schema": "https://schema.getpostman.com/json/collection/v2.1.0/collection.json",
		"_exporter_id": "20484049"
	},
	"item": [
		{
			"name": "Users",
			"item": [
				{
					"name": "Add User",
					"request": {
						"method": "POST",
						"header": [],
						"body": {
							"mode": "raw",
							"raw": "{\n    \"name\": \"Ajit\",\n    \"age\": 11,\n    \"id\": 2\n}",
							"options": {
								"raw": {
									"language": "json"
								}
							}
						},
						"url": {
							"raw": "http://localhost:3000/users",
							"protocol": "http",
							"host": [
								"localhost"
							],
							"port": "3000",
							"path": [
								"users"
							]
						}
					},
					"response": [
						{
							"name": "Add User",
							"originalRequest": {
								"method": "POST",
								"header": [],
								"body": {
									"mode": "raw",
									"raw": "{\n    \"name\": \"Ajit\",\n    \"age\": 11,\n    \"id\": 2\n}",
									"options": {
										"raw": {
											"language": "json"
										}
									}
								},
								"url": {
									"raw": "http://localhost:3000/users",
									"protocol": "http",
									"host": [
										"localhost"
									],
									"port": "3000",
									"path": [
										"users"
									]
								}
							},
							"status": "Created",
							"code": 201,
							"_postman_previewlanguage": "json",
							"header": [
								{
									"key": "X-Powered-By",
									"value": "Express"
								},
								{
									"key": "Content-Type",
									"value": "application/json; charset=utf-8"
								},
								{
									"key": "Content-Length",
									"value": "24"
								},
								{
									"key": "ETag",
									"value": "W/\"18-L3ouaZdxjhqQljKm9geR/h3pltI\""
								},
								{
									"key": "Date",
									"value": "Sun, 17 Apr 2022 22:45:19 GMT"
								},
								{
									"key": "Connection",
									"value": "keep-alive"
								},
								{
									"key": "Keep-Alive",
									"value": "timeout=5"
								}
							],
							"cookie": [],
							"body": "{\n    \"message\": \"USER ADDED\"\n}"
						}
					]
				},
				{
					"name": "Get All Users",
					"request": {
						"method": "GET",
						"header": [],
						"url": {
							"raw": "http://localhost:3000/users",
							"protocol": "http",
							"host": [
								"localhost"
							],
							"port": "3000",
							"path": [
								"users"
							]
						}
					},
					"response": [
						{
							"name": "Get All Users",
							"originalRequest": {
								"method": "GET",
								"header": [],
								"url": {
									"raw": "http://localhost:3000/users",
									"protocol": "http",
									"host": [
										"localhost"
									],
									"port": "3000",
									"path": [
										"users"
									]
								}
							},
							"status": "OK",
							"code": 200,
							"_postman_previewlanguage": "json",
							"header": [
								{
									"key": "X-Powered-By",
									"value": "Express"
								},
								{
									"key": "Content-Type",
									"value": "application/json; charset=utf-8"
								},
								{
									"key": "Content-Length",
									"value": "68"
								},
								{
									"key": "ETag",
									"value": "W/\"44-jSYOuCQpVSG74RJwnZarLvJgRz4\""
								},
								{
									"key": "Date",
									"value": "Sun, 17 Apr 2022 22:45:54 GMT"
								},
								{
									"key": "Connection",
									"value": "keep-alive"
								},
								{
									"key": "Keep-Alive",
									"value": "timeout=5"
								}
							],
							"cookie": [],
							"body": "[\n    {\n        \"name\": \"Ajit\",\n        \"age\": 11,\n        \"id\": 2\n    },\n    {\n        \"name\": \"Ronaldo\",\n        \"age\": 14,\n        \"id\": 1\n    }\n]"
						}
					]
				},
				{
					"name": "Get User",
					"request": {
						"method": "GET",
						"header": [],
						"url": {
							"raw": "http://localhost:3000/users/2",
							"protocol": "http",
							"host": [
								"localhost"
							],
							"port": "3000",
							"path": [
								"users",
								"2"
							]
						}
					},
					"response": [
						{
							"name": "Get User",
							"originalRequest": {
								"method": "GET",
								"header": [],
								"url": {
									"raw": "http://localhost:3000/users/2",
									"protocol": "http",
									"host": [
										"localhost"
									],
									"port": "3000",
									"path": [
										"users",
										"2"
									]
								}
							},
							"status": "OK",
							"code": 200,
							"_postman_previewlanguage": "json",
							"header": [
								{
									"key": "X-Powered-By",
									"value": "Express"
								},
								{
									"key": "Content-Type",
									"value": "application/json; charset=utf-8"
								},
								{
									"key": "Content-Length",
									"value": "40"
								},
								{
									"key": "ETag",
									"value": "W/\"28-Dfwx80bwJIx4aU03aaNTxQbxW9Y\""
								},
								{
									"key": "Date",
									"value": "Sun, 17 Apr 2022 22:46:07 GMT"
								},
								{
									"key": "Connection",
									"value": "keep-alive"
								},
								{
									"key": "Keep-Alive",
									"value": "timeout=5"
								}
							],
							"cookie": [],
							"body": "{\n    \"user\": {\n        \"name\": \"Ajit\",\n        \"age\": 11,\n        \"id\": 2\n    }\n}"
						},
						{
							"name": "Not Found: Get User",
							"originalRequest": {
								"method": "GET",
								"header": [],
								"url": {
									"raw": "http://localhost:3000/users/23",
									"protocol": "http",
									"host": [
										"localhost"
									],
									"port": "3000",
									"path": [
										"users",
										"23"
									]
								}
							},
							"status": "OK",
							"code": 200,
							"_postman_previewlanguage": "json",
							"header": [
								{
									"key": "X-Powered-By",
									"value": "Express"
								},
								{
									"key": "Content-Type",
									"value": "application/json; charset=utf-8"
								},
								{
									"key": "Content-Length",
									"value": "28"
								},
								{
									"key": "ETag",
									"value": "W/\"1c-g5X8H11Bw6ZVLFTjrheJcIjxLVI\""
								},
								{
									"key": "Date",
									"value": "Sun, 17 Apr 2022 22:46:22 GMT"
								},
								{
									"key": "Connection",
									"value": "keep-alive"
								},
								{
									"key": "Keep-Alive",
									"value": "timeout=5"
								}
							],
							"cookie": [],
							"body": "{\n    \"message\": \"USER NOT FOUND\"\n}"
						}
					]
				},
				{
					"name": "Update User",
					"request": {
						"method": "PUT",
						"header": [],
						"body": {
							"mode": "raw",
							"raw": "{\n    \"name\": \"Ajit Baba\",\n    \"age\": 10,\n    \"id\": 2\n}",
							"options": {
								"raw": {
									"language": "json"
								}
							}
						},
						"url": {
							"raw": "http://localhost:3000/users/2",
							"protocol": "http",
							"host": [
								"localhost"
							],
							"port": "3000",
							"path": [
								"users",
								"2"
							]
						}
					},
					"response": [
						{
							"name": "Update User",
							"originalRequest": {
								"method": "PUT",
								"header": [],
								"body": {
									"mode": "raw",
									"raw": "{\n    \"name\": \"Ajit Baba\",\n    \"age\": 10,\n    \"id\": 2\n}",
									"options": {
										"raw": {
											"language": "json"
										}
									}
								},
								"url": {
									"raw": "http://localhost:3000/users/2",
									"protocol": "http",
									"host": [
										"localhost"
									],
									"port": "3000",
									"path": [
										"users",
										"2"
									]
								}
							},
							"status": "OK",
							"code": 200,
							"_postman_previewlanguage": "json",
							"header": [
								{
									"key": "X-Powered-By",
									"value": "Express"
								},
								{
									"key": "Content-Type",
									"value": "application/json; charset=utf-8"
								},
								{
									"key": "Content-Length",
									"value": "26"
								},
								{
									"key": "ETag",
									"value": "W/\"1a-9NUXmDFGNFMHKAY3haFEL0lNbOY\""
								},
								{
									"key": "Date",
									"value": "Sun, 17 Apr 2022 22:48:54 GMT"
								},
								{
									"key": "Connection",
									"value": "keep-alive"
								},
								{
									"key": "Keep-Alive",
									"value": "timeout=5"
								}
							],
							"cookie": [],
							"body": "{\n    \"message\": \"USER UPDATED\"\n}"
						},
						{
							"name": "Not Found: Update User",
							"originalRequest": {
								"method": "PUT",
								"header": [],
								"body": {
									"mode": "raw",
									"raw": "{\n    \"name\": \"Ajit Baba\",\n    \"age\": 10,\n    \"id\": 2\n}",
									"options": {
										"raw": {
											"language": "json"
										}
									}
								},
								"url": {
									"raw": "http://localhost:3000/users/21",
									"protocol": "http",
									"host": [
										"localhost"
									],
									"port": "3000",
									"path": [
										"users",
										"21"
									]
								}
							},
							"status": "OK",
							"code": 200,
							"_postman_previewlanguage": "json",
							"header": [
								{
									"key": "X-Powered-By",
									"value": "Express"
								},
								{
									"key": "Content-Type",
									"value": "application/json; charset=utf-8"
								},
								{
									"key": "Content-Length",
									"value": "28"
								},
								{
									"key": "ETag",
									"value": "W/\"1c-g5X8H11Bw6ZVLFTjrheJcIjxLVI\""
								},
								{
									"key": "Date",
									"value": "Sun, 17 Apr 2022 22:49:02 GMT"
								},
								{
									"key": "Connection",
									"value": "keep-alive"
								},
								{
									"key": "Keep-Alive",
									"value": "timeout=5"
								}
							],
							"cookie": [],
							"body": "{\n    \"message\": \"USER NOT FOUND\"\n}"
						}
					]
				},
				{
					"name": "Delete User",
					"request": {
						"method": "DELETE",
						"header": [],
						"url": {
							"raw": "http://localhost:3000/users/2",
							"protocol": "http",
							"host": [
								"localhost"
							],
							"port": "3000",
							"path": [
								"users",
								"2"
							]
						}
					},
					"response": [
						{
							"name": "Delete User",
							"originalRequest": {
								"method": "DELETE",
								"header": [],
								"url": {
									"raw": "http://localhost:3000/users/2",
									"protocol": "http",
									"host": [
										"localhost"
									],
									"port": "3000",
									"path": [
										"users",
										"2"
									]
								}
							},
							"status": "OK",
							"code": 200,
							"_postman_previewlanguage": "json",
							"header": [
								{
									"key": "X-Powered-By",
									"value": "Express"
								},
								{
									"key": "Content-Type",
									"value": "application/json; charset=utf-8"
								},
								{
									"key": "Content-Length",
									"value": "26"
								},
								{
									"key": "ETag",
									"value": "W/\"1a-Voj7oETyVthIHqoEg+R69XZSAS8\""
								},
								{
									"key": "Date",
									"value": "Sun, 17 Apr 2022 22:49:36 GMT"
								},
								{
									"key": "Connection",
									"value": "keep-alive"
								},
								{
									"key": "Keep-Alive",
									"value": "timeout=5"
								}
							],
							"cookie": [],
							"body": "{\n    \"message\": \"USER DELETED\"\n}"
						}
					]
				}
			]
		}
	]
}