{
	"info": {
		"_postman_id": "05ee0172-bfc5-4a3a-892c-bc924cbeb6de",
		"name": "LECTURE-14",
		"schema": "https://schema.getpostman.com/json/collection/v2.1.0/collection.json",
		"_exporter_id": "20484049"
	},
	"item": [
		{
			"name": "Request Injection Scope",
			"request": {
				"method": "GET",
				"header": [],
				"url": {
					"raw": "http://localhost:3000/users",
					"protocol": "http",
					"host": [
						"localhost"
					],
					"port": "3000",
					"path": [
						"users"
					]
				}
			},
			"response": [
				{
					"name": "Request Injection Scope",
					"originalRequest": {
						"method": "GET",
						"header": [],
						"url": {
							"raw": "http://localhost:3000/users",
							"protocol": "http",
							"host": [
								"localhost"
							],
							"port": "3000",
							"path": [
								"users"
							]
						}
					},
					"status": "OK",
					"code": 200,
					"_postman_previewlanguage": "json",
					"header": [
						{
							"key": "X-Powered-By",
							"value": "Express"
						},
						{
							"key": "Content-Type",
							"value": "application/json; charset=utf-8"
						},
						{
							"key": "Content-Length",
							"value": "80"
						},
						{
							"key": "ETag",
							"value": "W/\"50-0Xs749qvqGXNb8Zrlz/VwhSq/Vk\""
						},
						{
							"key": "Date",
							"value": "Thu, 16 Jun 2022 19:56:18 GMT"
						},
						{
							"key": "Connection",
							"value": "keep-alive"
						},
						{
							"key": "Keep-Alive",
							"value": "timeout=5"
						}
					],
					"cookie": [],
					"body": "{\n    \"message\": \"UsersStore instance created and destroyed after request completion\"\n}"
				}
			]
		},
		{
			"name": "Auth Request Injection Scope",
			"request": {
				"method": "POST",
				"header": [],
				"url": {
					"raw": "http://localhost:3000/auth/login",
					"protocol": "http",
					"host": [
						"localhost"
					],
					"port": "3000",
					"path": [
						"auth",
						"login"
					]
				}
			},
			"response": [
				{
					"name": "Auth Request Injection Scope",
					"originalRequest": {
						"method": "POST",
						"header": [],
						"url": {
							"raw": "http://localhost:3000/auth/login",
							"protocol": "http",
							"host": [
								"localhost"
							],
							"port": "3000",
							"path": [
								"auth",
								"login"
							]
						}
					},
					"status": "Created",
					"code": 201,
					"_postman_previewlanguage": "json",
					"header": [
						{
							"key": "X-Powered-By",
							"value": "Express"
						},
						{
							"key": "Content-Type",
							"value": "application/json; charset=utf-8"
						},
						{
							"key": "Content-Length",
							"value": "41"
						},
						{
							"key": "ETag",
							"value": "W/\"29-BED6P71l+gILNy4voij+dHFf5oU\""
						},
						{
							"key": "Date",
							"value": "Thu, 16 Jun 2022 20:22:19 GMT"
						},
						{
							"key": "Connection",
							"value": "keep-alive"
						},
						{
							"key": "Keep-Alive",
							"value": "timeout=5"
						}
					],
					"cookie": [],
					"body": "{\n    \"message\": \"User logged in successfully\"\n}"
				}
			]
		}
	]
}