{
	"info": {
		"_postman_id": "56e20045-4a3a-44a1-b987-1d317be3f0f0",
		"name": "LECTURE-42",
		"schema": "https://schema.getpostman.com/json/collection/v2.1.0/collection.json",
		"_exporter_id": "20484049"
	},
	"item": [
		{
			"name": "Users",
			"item": [
				{
					"name": "Create User",
					"request": {
						"method": "POST",
						"header": [],
						"body": {
							"mode": "raw",
							"raw": "{\n    \"name\": \"Ajit\",\n    \"email\": \"ajit@mail.com\",\n    \"password\": \"1234567890\",\n    \"age\": 10,\n    \"phone\": \"1999888666\",\n    \"accountType\": \"STUDENT\",\n    \"social\": [\n        \"akacomputerbaba\",\n        \"https://www.youtube.com/c/ComputerBabaOfficial\"\n    ],\n    \"address\": {\n        \"address1\": \"Heart\",\n        \"address2\": \"Street\",\n        \"city\": \"Everywhere\",\n        \"state\": \"Love\",\n        \"country\": \"India\",\n        \"zipCode\": \"021000\"\n    },\n    \"metadata\": { \"reference\": \"youtube\", \"beta\": true }\n}",
							"options": {
								"raw": {
									"language": "json"
								}
							}
						},
						"url": {
							"raw": "http://localhost:3000/users",
							"protocol": "http",
							"host": [
								"localhost"
							],
							"port": "3000",
							"path": [
								"users"
							]
						}
					},
					"response": [
						{
							"name": "Create User",
							"originalRequest": {
								"method": "POST",
								"header": [],
								"body": {
									"mode": "raw",
									"raw": "{\n    \"name\": \"Ajit\",\n    \"email\": \"ajit@mail.com\",\n    \"password\": \"1234567890\",\n    \"age\": 10,\n    \"phone\": \"1999888666\",\n    \"accountType\": \"STUDENT\",\n    \"social\": [\n        \"akacomputerbaba\",\n        \"https://www.youtube.com/c/ComputerBabaOfficial\"\n    ],\n    \"address\": {\n        \"address1\": \"Heart\",\n        \"address2\": \"Street\",\n        \"city\": \"Everywhere\",\n        \"state\": \"Love\",\n        \"country\": \"India\",\n        \"zipCode\": \"021000\"\n    },\n    \"metadata\": { \"reference\": \"youtube\", \"beta\": true }\n}",
									"options": {
										"raw": {
											"language": "json"
										}
									}
								},
								"url": {
									"raw": "http://localhost:3000/users",
									"protocol": "http",
									"host": [
										"localhost"
									],
									"port": "3000",
									"path": [
										"users"
									]
								}
							},
							"status": "Created",
							"code": 201,
							"_postman_previewlanguage": "json",
							"header": [
								{
									"key": "X-Powered-By",
									"value": "Express"
								},
								{
									"key": "Content-Type",
									"value": "application/json; charset=utf-8"
								},
								{
									"key": "Content-Length",
									"value": "544"
								},
								{
									"key": "ETag",
									"value": "W/\"220-yDFfzedI5xKsSeEWMFfLOcbYZgU\""
								},
								{
									"key": "Date",
									"value": "Thu, 04 Aug 2022 20:59:29 GMT"
								},
								{
									"key": "Connection",
									"value": "keep-alive"
								},
								{
									"key": "Keep-Alive",
									"value": "timeout=5"
								}
							],
							"cookie": [],
							"body": "{\n    \"name\": \"Ajit\",\n    \"email\": \"ajit@mail.com\",\n    \"password\": \"1234567890\",\n    \"age\": 10,\n    \"phone\": \"1999888666\",\n    \"status\": \"ACTIVE\",\n    \"accountType\": \"STUDENT\",\n    \"social\": [\n        \"akacomputerbaba\",\n        \"https://www.youtube.com/c/ComputerBabaOfficial\"\n    ],\n    \"isEmailVerified\": false,\n    \"address\": {\n        \"address1\": \"Heart\",\n        \"address2\": \"Street\",\n        \"city\": \"Everywhere\",\n        \"country\": \"India\",\n        \"zipCode\": \"021000\",\n        \"_id\": \"62ec3331b70a577f9d0f7e9a\"\n    },\n    \"metadata\": {\n        \"reference\": \"youtube\",\n        \"beta\": true\n    },\n    \"_id\": \"62ec3331b70a577f9d0f7e99\",\n    \"createdAt\": \"2022-08-04T20:59:29.511Z\",\n    \"updatedAt\": \"2022-08-04T20:59:29.511Z\",\n    \"__v\": 0\n}"
						},
						{
							"name": "Validation Errors: Create User",
							"originalRequest": {
								"method": "POST",
								"header": [],
								"body": {
									"mode": "raw",
									"raw": "{\n    \"name\": \"Ajit\",\n    \"email\": \"ajit@mail.com\",\n    \"password\": \"1234567890\",\n    \"age\": 10,\n    \"phone\": \"1999888666\",\n    \"social\": [\n        \"akacomputerbaba\",\n        \"https://www.youtube.com/c/ComputerBabaOfficial\"\n    ],\n    \"metadata\": { \"reference\": \"youtube\", \"beta\": true }\n}",
									"options": {
										"raw": {
											"language": "json"
										}
									}
								},
								"url": {
									"raw": "http://localhost:3000/users",
									"protocol": "http",
									"host": [
										"localhost"
									],
									"port": "3000",
									"path": [
										"users"
									]
								}
							},
							"status": "Bad Request",
							"code": 400,
							"_postman_previewlanguage": "json",
							"header": [
								{
									"key": "X-Powered-By",
									"value": "Express"
								},
								{
									"key": "Content-Type",
									"value": "application/json; charset=utf-8"
								},
								{
									"key": "Content-Length",
									"value": "157"
								},
								{
									"key": "ETag",
									"value": "W/\"9d-TLFHFS6BFFe6Pr96qX0XmFeni2M\""
								},
								{
									"key": "Date",
									"value": "Thu, 04 Aug 2022 22:08:32 GMT"
								},
								{
									"key": "Connection",
									"value": "keep-alive"
								},
								{
									"key": "Keep-Alive",
									"value": "timeout=5"
								}
							],
							"cookie": [],
							"body": "{\n    \"statusCode\": 400,\n    \"message\": [\n        \"accountType should not be empty\",\n        \"accountType must be a valid enum value\",\n        \"address should not be empty\"\n    ],\n    \"error\": \"Bad Request\"\n}"
						}
					]
				},
				{
					"name": "Get User",
					"request": {
						"method": "GET",
						"header": [],
						"url": {
							"raw": "http://localhost:3000/users/62ec3331b70a577f9d0f7e99",
							"protocol": "http",
							"host": [
								"localhost"
							],
							"port": "3000",
							"path": [
								"users",
								"62ec3331b70a577f9d0f7e99"
							]
						}
					},
					"response": [
						{
							"name": "Get User",
							"originalRequest": {
								"method": "GET",
								"header": [],
								"url": {
									"raw": "http://localhost:3000/users/62ec3331b70a577f9d0f7e99",
									"protocol": "http",
									"host": [
										"localhost"
									],
									"port": "3000",
									"path": [
										"users",
										"62ec3331b70a577f9d0f7e99"
									]
								}
							},
							"status": "OK",
							"code": 200,
							"_postman_previewlanguage": "json",
							"header": [
								{
									"key": "X-Powered-By",
									"value": "Express"
								},
								{
									"key": "Content-Type",
									"value": "application/json; charset=utf-8"
								},
								{
									"key": "Content-Length",
									"value": "520"
								},
								{
									"key": "ETag",
									"value": "W/\"208-SEiD3y2ttASvTM6inmsAR3DP1qY\""
								},
								{
									"key": "Date",
									"value": "Thu, 04 Aug 2022 21:00:43 GMT"
								},
								{
									"key": "Connection",
									"value": "keep-alive"
								},
								{
									"key": "Keep-Alive",
									"value": "timeout=5"
								}
							],
							"cookie": [],
							"body": "{\n    \"metadata\": {\n        \"reference\": \"youtube\",\n        \"beta\": true\n    },\n    \"_id\": \"62ec3331b70a577f9d0f7e99\",\n    \"name\": \"Ajit\",\n    \"email\": \"ajit@mail.com\",\n    \"age\": 10,\n    \"phone\": \"1999888666\",\n    \"status\": \"ACTIVE\",\n    \"accountType\": \"STUDENT\",\n    \"social\": [\n        \"akacomputerbaba\",\n        \"https://www.youtube.com/c/ComputerBabaOfficial\"\n    ],\n    \"isEmailVerified\": false,\n    \"address\": {\n        \"address1\": \"Heart\",\n        \"address2\": \"Street\",\n        \"city\": \"Everywhere\",\n        \"country\": \"India\",\n        \"zipCode\": \"021000\",\n        \"_id\": \"62ec3331b70a577f9d0f7e9a\"\n    },\n    \"createdAt\": \"2022-08-04T20:59:29.511Z\",\n    \"updatedAt\": \"2022-08-04T20:59:29.511Z\",\n    \"__v\": 0\n}"
						},
						{
							"name": "404 Not Found: Get User",
							"originalRequest": {
								"method": "GET",
								"header": [],
								"url": {
									"raw": "http://localhost:3000/users/62ec3331b70a577f9d0fde99",
									"protocol": "http",
									"host": [
										"localhost"
									],
									"port": "3000",
									"path": [
										"users",
										"62ec3331b70a577f9d0fde99"
									]
								}
							},
							"status": "Not Found",
							"code": 404,
							"_postman_previewlanguage": "json",
							"header": [
								{
									"key": "X-Powered-By",
									"value": "Express"
								},
								{
									"key": "Content-Type",
									"value": "application/json; charset=utf-8"
								},
								{
									"key": "Content-Length",
									"value": "65"
								},
								{
									"key": "ETag",
									"value": "W/\"41-Oo0Y+Yi1j4RemFP/Rhn7H7ZfWN4\""
								},
								{
									"key": "Date",
									"value": "Thu, 04 Aug 2022 21:01:29 GMT"
								},
								{
									"key": "Connection",
									"value": "keep-alive"
								},
								{
									"key": "Keep-Alive",
									"value": "timeout=5"
								}
							],
							"cookie": [],
							"body": "{\n    \"statusCode\": 404,\n    \"message\": \"User not found\",\n    \"error\": \"Not Found\"\n}"
						}
					]
				},
				{
					"name": "Get All Users",
					"request": {
						"method": "GET",
						"header": [],
						"url": {
							"raw": "http://localhost:3000/users",
							"protocol": "http",
							"host": [
								"localhost"
							],
							"port": "3000",
							"path": [
								"users"
							]
						}
					},
					"response": [
						{
							"name": "Get All Users",
							"originalRequest": {
								"method": "GET",
								"header": [],
								"url": {
									"raw": "http://localhost:3000/users",
									"protocol": "http",
									"host": [
										"localhost"
									],
									"port": "3000",
									"path": [
										"users"
									]
								}
							},
							"status": "OK",
							"code": 200,
							"_postman_previewlanguage": "json",
							"header": [
								{
									"key": "X-Powered-By",
									"value": "Express"
								},
								{
									"key": "Content-Type",
									"value": "application/json; charset=utf-8"
								},
								{
									"key": "Content-Length",
									"value": "522"
								},
								{
									"key": "ETag",
									"value": "W/\"20a-332Hm5MKvgfU8PIxQz9EZFuwBwk\""
								},
								{
									"key": "Date",
									"value": "Thu, 04 Aug 2022 21:01:09 GMT"
								},
								{
									"key": "Connection",
									"value": "keep-alive"
								},
								{
									"key": "Keep-Alive",
									"value": "timeout=5"
								}
							],
							"cookie": [],
							"body": "[\n    {\n        \"metadata\": {\n            \"reference\": \"youtube\",\n            \"beta\": true\n        },\n        \"_id\": \"62ec3331b70a577f9d0f7e99\",\n        \"name\": \"Ajit\",\n        \"email\": \"ajit@mail.com\",\n        \"age\": 10,\n        \"phone\": \"1999888666\",\n        \"status\": \"ACTIVE\",\n        \"accountType\": \"STUDENT\",\n        \"social\": [\n            \"akacomputerbaba\",\n            \"https://www.youtube.com/c/ComputerBabaOfficial\"\n        ],\n        \"isEmailVerified\": false,\n        \"address\": {\n            \"address1\": \"Heart\",\n            \"address2\": \"Street\",\n            \"city\": \"Everywhere\",\n            \"country\": \"India\",\n            \"zipCode\": \"021000\",\n            \"_id\": \"62ec3331b70a577f9d0f7e9a\"\n        },\n        \"createdAt\": \"2022-08-04T20:59:29.511Z\",\n        \"updatedAt\": \"2022-08-04T20:59:29.511Z\",\n        \"__v\": 0\n    }\n]"
						}
					]
				},
				{
					"name": "Update User",
					"request": {
						"method": "PUT",
						"header": [],
						"body": {
							"mode": "raw",
							"raw": "{\n    \"name\": \"Ajit Baba\",\n    \"email\": \"ajit@mail.com\",\n    \"password\": \"1234567890\",\n    \"age\": 10,\n    \"phone\": \"1999888666\",\n    \"social\": [\n        \"akacomputerbaba\",\n        \"https://www.youtube.com/c/ComputerBabaOfficial\"\n    ],\n    \"address\": {\n        \"address1\": \"Heart\",\n        \"address2\": \"Street\",\n        \"city\": \"Everywhere\",\n        \"state\": \"Love\",\n        \"country\": \"India\",\n        \"zipCode\": \"021000\"\n    }\n}",
							"options": {
								"raw": {
									"language": "json"
								}
							}
						},
						"url": {
							"raw": "http://localhost:3000/users/62ec3331b70a577f9d0f7e99",
							"protocol": "http",
							"host": [
								"localhost"
							],
							"port": "3000",
							"path": [
								"users",
								"62ec3331b70a577f9d0f7e99"
							]
						}
					},
					"response": [
						{
							"name": "Update User",
							"originalRequest": {
								"method": "PUT",
								"header": [],
								"body": {
									"mode": "raw",
									"raw": "{\n    \"name\": \"Ajit Baba\",\n    \"email\": \"ajit@mail.com\",\n    \"password\": \"1234567890\",\n    \"age\": 10,\n    \"phone\": \"1999888666\",\n    \"social\": [\n        \"akacomputerbaba\",\n        \"https://www.youtube.com/c/ComputerBabaOfficial\"\n    ],\n    \"address\": {\n        \"address1\": \"Heart\",\n        \"address2\": \"Street\",\n        \"state\": \"Love\",\n        \"city\": \"Everywhere\",\n        \"country\": \"India\",\n        \"zipCode\": \"021000\"\n    }\n}",
									"options": {
										"raw": {
											"language": "json"
										}
									}
								},
								"url": {
									"raw": "http://localhost:3000/users/62ec3331b70a577f9d0f7e99",
									"protocol": "http",
									"host": [
										"localhost"
									],
									"port": "3000",
									"path": [
										"users",
										"62ec3331b70a577f9d0f7e99"
									]
								}
							},
							"status": "OK",
							"code": 200,
							"_postman_previewlanguage": "json",
							"header": [
								{
									"key": "X-Powered-By",
									"value": "Express"
								},
								{
									"key": "Content-Type",
									"value": "application/json; charset=utf-8"
								},
								{
									"key": "Content-Length",
									"value": "525"
								},
								{
									"key": "ETag",
									"value": "W/\"20d-RzTrFB2+qGzOnd+fSPASeqymugE\""
								},
								{
									"key": "Date",
									"value": "Thu, 04 Aug 2022 21:03:04 GMT"
								},
								{
									"key": "Connection",
									"value": "keep-alive"
								},
								{
									"key": "Keep-Alive",
									"value": "timeout=5"
								}
							],
							"cookie": [],
							"body": "{\n    \"metadata\": {\n        \"reference\": \"youtube\",\n        \"beta\": true\n    },\n    \"_id\": \"62ec3331b70a577f9d0f7e99\",\n    \"name\": \"Ajit Baba\",\n    \"email\": \"ajit@mail.com\",\n    \"age\": 10,\n    \"phone\": \"1999888666\",\n    \"status\": \"ACTIVE\",\n    \"accountType\": \"STUDENT\",\n    \"social\": [\n        \"akacomputerbaba\",\n        \"https://www.youtube.com/c/ComputerBabaOfficial\"\n    ],\n    \"isEmailVerified\": false,\n    \"address\": {\n        \"address1\": \"Heart\",\n        \"address2\": \"Street\",\n        \"city\": \"Everywhere\",\n        \"state\": \"Love\",\n        \"country\": \"India\",\n        \"zipCode\": \"021000\",\n        \"_id\": \"62ec3331b70a577f9d0f7e9a\"\n    },\n    \"createdAt\": \"2022-08-04T20:59:29.511Z\",\n    \"updatedAt\": \"2022-08-04T21:03:04.602Z\",\n    \"__v\": 0\n}"
						},
						{
							"name": "404 Not Found: Update User",
							"originalRequest": {
								"method": "PUT",
								"header": [],
								"body": {
									"mode": "raw",
									"raw": "{\n    \"name\": \"Ajit Baba\",\n    \"email\": \"ajit@mail.com\",\n    \"password\": \"1234567890\",\n    \"age\": 10,\n    \"phone\": \"1999888666\",\n    \"social\": [\n        \"akacomputerbaba\",\n        \"https://www.youtube.com/c/ComputerBabaOfficial\"\n    ],\n    \"address\": {\n        \"address1\": \"Heart\",\n        \"address2\": \"Street\",\n        \"city\": \"Everywhere\",\n        \"state\": \"Love\",\n        \"country\": \"India\",\n        \"zipCode\": \"021000\"\n    }\n}",
									"options": {
										"raw": {
											"language": "json"
										}
									}
								},
								"url": {
									"raw": "http://localhost:3000/users/62ec3331b70a577f9d0f7d99",
									"protocol": "http",
									"host": [
										"localhost"
									],
									"port": "3000",
									"path": [
										"users",
										"62ec3331b70a577f9d0f7d99"
									]
								}
							},
							"status": "Not Found",
							"code": 404,
							"_postman_previewlanguage": "json",
							"header": [
								{
									"key": "X-Powered-By",
									"value": "Express"
								},
								{
									"key": "Content-Type",
									"value": "application/json; charset=utf-8"
								},
								{
									"key": "Content-Length",
									"value": "69"
								},
								{
									"key": "ETag",
									"value": "W/\"45-eaAnAZHr4lUtGPt1CVk3f+FTvwg\""
								},
								{
									"key": "Date",
									"value": "Thu, 04 Aug 2022 21:02:34 GMT"
								},
								{
									"key": "Connection",
									"value": "keep-alive"
								},
								{
									"key": "Keep-Alive",
									"value": "timeout=5"
								}
							],
							"cookie": [],
							"body": "{\n    \"statusCode\": 404,\n    \"message\": \"User not not found\",\n    \"error\": \"Not Found\"\n}"
						},
						{
							"name": "Validation Errors: Update User",
							"originalRequest": {
								"method": "PUT",
								"header": [],
								"body": {
									"mode": "raw",
									"raw": "{\n    \"name\": \"Ajit Baba\",\n    \"email\": \"ajit@mail.com\",\n    \"password\": \"1234567890\",\n    \"age\": 10,\n    \"phone\": \"1999888666\",\n    \"social\": [\n        \"akacomputerbaba\",\n        \"https://www.youtube.com/c/ComputerBabaOfficial\"\n    ]\n}",
									"options": {
										"raw": {
											"language": "json"
										}
									}
								},
								"url": {
									"raw": "http://localhost:3000/users/62ec3331b70a577f9d0f7e99",
									"protocol": "http",
									"host": [
										"localhost"
									],
									"port": "3000",
									"path": [
										"users",
										"62ec3331b70a577f9d0f7e99"
									]
								}
							},
							"status": "Bad Request",
							"code": 400,
							"_postman_previewlanguage": "json",
							"header": [
								{
									"key": "X-Powered-By",
									"value": "Express"
								},
								{
									"key": "Content-Type",
									"value": "application/json; charset=utf-8"
								},
								{
									"key": "Content-Length",
									"value": "125"
								},
								{
									"key": "ETag",
									"value": "W/\"7d-dBfU3ADA6YoDoIYHZJ7BlwltdZw\""
								},
								{
									"key": "Date",
									"value": "Thu, 04 Aug 2022 22:13:38 GMT"
								},
								{
									"key": "Connection",
									"value": "keep-alive"
								},
								{
									"key": "Keep-Alive",
									"value": "timeout=5"
								}
							],
							"cookie": [],
							"body": "{\n    \"statusCode\": 400,\n    \"message\": [\n        \"address.country should not be empty\",\n        \"address.country must be a string\"\n    ],\n    \"error\": \"Bad Request\"\n}"
						}
					]
				},
				{
					"name": "Delete User",
					"request": {
						"method": "DELETE",
						"header": [],
						"url": {
							"raw": "http://localhost:3000/users/62ec3331b70a577f9d0f7e99",
							"protocol": "http",
							"host": [
								"localhost"
							],
							"port": "3000",
							"path": [
								"users",
								"62ec3331b70a577f9d0f7e99"
							]
						}
					},
					"response": [
						{
							"name": "404 Not Found: Delete User",
							"originalRequest": {
								"method": "DELETE",
								"header": [],
								"url": {
									"raw": "http://localhost:3000/users/62ec3331b70a577f9d0fde99",
									"protocol": "http",
									"host": [
										"localhost"
									],
									"port": "3000",
									"path": [
										"users",
										"62ec3331b70a577f9d0fde99"
									]
								}
							},
							"status": "Not Found",
							"code": 404,
							"_postman_previewlanguage": "json",
							"header": [
								{
									"key": "X-Powered-By",
									"value": "Express"
								},
								{
									"key": "Content-Type",
									"value": "application/json; charset=utf-8"
								},
								{
									"key": "Content-Length",
									"value": "65"
								},
								{
									"key": "ETag",
									"value": "W/\"41-Oo0Y+Yi1j4RemFP/Rhn7H7ZfWN4\""
								},
								{
									"key": "Date",
									"value": "Thu, 04 Aug 2022 21:36:11 GMT"
								},
								{
									"key": "Connection",
									"value": "keep-alive"
								},
								{
									"key": "Keep-Alive",
									"value": "timeout=5"
								}
							],
							"cookie": [],
							"body": "{\n    \"statusCode\": 404,\n    \"message\": \"User not found\",\n    \"error\": \"Not Found\"\n}"
						},
						{
							"name": "Delete User",
							"originalRequest": {
								"method": "DELETE",
								"header": [],
								"url": {
									"raw": "http://localhost:3000/users/62ec3331b70a577f9d0f7e99",
									"protocol": "http",
									"host": [
										"localhost"
									],
									"port": "3000",
									"path": [
										"users",
										"62ec3331b70a577f9d0f7e99"
									]
								}
							},
							"status": "OK",
							"code": 200,
							"_postman_previewlanguage": "json",
							"header": [
								{
									"key": "X-Powered-By",
									"value": "Express"
								},
								{
									"key": "Content-Type",
									"value": "application/json; charset=utf-8"
								},
								{
									"key": "Content-Length",
									"value": "549"
								},
								{
									"key": "ETag",
									"value": "W/\"225-Lz90oYJtg2BjWFc5WX0WZOgdMcc\""
								},
								{
									"key": "Date",
									"value": "Thu, 04 Aug 2022 21:36:29 GMT"
								},
								{
									"key": "Connection",
									"value": "keep-alive"
								},
								{
									"key": "Keep-Alive",
									"value": "timeout=5"
								}
							],
							"cookie": [],
							"body": "{\n    \"_id\": \"62ec3331b70a577f9d0f7e99\"\n}"
						}
					]
				}
			]
		}
	]
}