{
	"info": {
		"_postman_id": "289fbf15-9a73-424c-99c1-6cb1c10bcd26",
		"name": "LECTURE-19",
		"schema": "https://schema.getpostman.com/json/collection/v2.1.0/collection.json",
		"_exporter_id": "20484049"
	},
	"item": [
		{
			"name": "Jobs",
			"item": [
				{
					"name": "Jobs Route",
					"request": {
						"method": "GET",
						"header": [],
						"url": {
							"raw": "http://localhost:3000/jobs",
							"protocol": "http",
							"host": [
								"localhost"
							],
							"port": "3000",
							"path": [
								"jobs"
							]
						}
					},
					"response": [
						{
							"name": "Jobs Route",
							"originalRequest": {
								"method": "GET",
								"header": [],
								"url": {
									"raw": "http://localhost:3000/jobs",
									"protocol": "http",
									"host": [
										"localhost"
									],
									"port": "3000",
									"path": [
										"jobs"
									]
								}
							},
							"status": "OK",
							"code": 200,
							"_postman_previewlanguage": "html",
							"header": [
								{
									"key": "X-Powered-By",
									"value": "Express"
								},
								{
									"key": "Content-Type",
									"value": "text/html; charset=utf-8"
								},
								{
									"key": "Content-Length",
									"value": "10"
								},
								{
									"key": "ETag",
									"value": "W/\"a-+U8bTT/IWt7c0EcLEZdE8Oa6WQY\""
								},
								{
									"key": "Date",
									"value": "Fri, 24 Jun 2022 17:58:02 GMT"
								},
								{
									"key": "Connection",
									"value": "keep-alive"
								},
								{
									"key": "Keep-Alive",
									"value": "timeout=5"
								}
							],
							"cookie": [],
							"body": "Jobs route"
						}
					]
				},
				{
					"name": "Job Applications Route",
					"request": {
						"method": "GET",
						"header": [],
						"url": {
							"raw": "http://localhost:3000/jobs/job-applications",
							"protocol": "http",
							"host": [
								"localhost"
							],
							"port": "3000",
							"path": [
								"jobs",
								"job-applications"
							]
						}
					},
					"response": [
						{
							"name": "Job Applications Route",
							"originalRequest": {
								"method": "GET",
								"header": [],
								"url": {
									"raw": "http://localhost:3000/jobs/job-applications",
									"protocol": "http",
									"host": [
										"localhost"
									],
									"port": "3000",
									"path": [
										"jobs",
										"job-applications"
									]
								}
							},
							"status": "OK",
							"code": 200,
							"_postman_previewlanguage": "html",
							"header": [
								{
									"key": "X-Powered-By",
									"value": "Express"
								},
								{
									"key": "Content-Type",
									"value": "text/html; charset=utf-8"
								},
								{
									"key": "Content-Length",
									"value": "22"
								},
								{
									"key": "ETag",
									"value": "W/\"16-f/TunY2ha56lic27bgEnR8rpxsA\""
								},
								{
									"key": "Date",
									"value": "Fri, 24 Jun 2022 17:58:56 GMT"
								},
								{
									"key": "Connection",
									"value": "keep-alive"
								},
								{
									"key": "Keep-Alive",
									"value": "timeout=5"
								}
							],
							"cookie": [],
							"body": "Job applications route"
						}
					]
				},
				{
					"name": "Job Interviews Route",
					"request": {
						"method": "GET",
						"header": [],
						"url": {
							"raw": "http://localhost:3000/jobs/interviews",
							"protocol": "http",
							"host": [
								"localhost"
							],
							"port": "3000",
							"path": [
								"jobs",
								"interviews"
							]
						}
					},
					"response": [
						{
							"name": "Job Interviews Route",
							"originalRequest": {
								"method": "GET",
								"header": [],
								"url": {
									"raw": "http://localhost:3000/jobs/interviews",
									"protocol": "http",
									"host": [
										"localhost"
									],
									"port": "3000",
									"path": [
										"jobs",
										"interviews"
									]
								}
							},
							"status": "OK",
							"code": 200,
							"_postman_previewlanguage": "html",
							"header": [
								{
									"key": "X-Powered-By",
									"value": "Express"
								},
								{
									"key": "Content-Type",
									"value": "text/html; charset=utf-8"
								},
								{
									"key": "Content-Length",
									"value": "20"
								},
								{
									"key": "ETag",
									"value": "W/\"14-9EOgbQbzqM0YvE+GKWpyF4zBk+A\""
								},
								{
									"key": "Date",
									"value": "Fri, 24 Jun 2022 17:59:23 GMT"
								},
								{
									"key": "Connection",
									"value": "keep-alive"
								},
								{
									"key": "Keep-Alive",
									"value": "timeout=5"
								}
							],
							"cookie": [],
							"body": "Job interviews route"
						}
					]
				}
			]
		},
		{
			"name": "Admin",
			"item": [
				{
					"name": "Admin Dashboard Route",
					"request": {
						"method": "GET",
						"header": [],
						"url": {
							"raw": "http://localhost:3000/admin/dashboard",
							"protocol": "http",
							"host": [
								"localhost"
							],
							"port": "3000",
							"path": [
								"admin",
								"dashboard"
							]
						}
					},
					"response": [
						{
							"name": "Admin Dashboard Route",
							"originalRequest": {
								"method": "GET",
								"header": [],
								"url": {
									"raw": "http://localhost:3000/admin/dashboard",
									"protocol": "http",
									"host": [
										"localhost"
									],
									"port": "3000",
									"path": [
										"admin",
										"dashboard"
									]
								}
							},
							"status": "OK",
							"code": 200,
							"_postman_previewlanguage": "html",
							"header": [
								{
									"key": "X-Powered-By",
									"value": "Express"
								},
								{
									"key": "Content-Type",
									"value": "text/html; charset=utf-8"
								},
								{
									"key": "Content-Length",
									"value": "21"
								},
								{
									"key": "ETag",
									"value": "W/\"15-yh34pRtAra+V9hQszPibVmr6RkA\""
								},
								{
									"key": "Date",
									"value": "Fri, 24 Jun 2022 18:00:28 GMT"
								},
								{
									"key": "Connection",
									"value": "keep-alive"
								},
								{
									"key": "Keep-Alive",
									"value": "timeout=5"
								}
							],
							"cookie": [],
							"body": "Admin dashboard route"
						}
					]
				},
				{
					"name": "Admin Offices Locations Route",
					"request": {
						"method": "GET",
						"header": [],
						"url": {
							"raw": "http://localhost:3000/admin/offices/locations",
							"protocol": "http",
							"host": [
								"localhost"
							],
							"port": "3000",
							"path": [
								"admin",
								"offices",
								"locations"
							]
						}
					},
					"response": [
						{
							"name": "Admin Offices Locations Route",
							"originalRequest": {
								"method": "GET",
								"header": [],
								"url": {
									"raw": "http://localhost:3000/admin/offices/locations",
									"protocol": "http",
									"host": [
										"localhost"
									],
									"port": "3000",
									"path": [
										"admin",
										"offices",
										"locations"
									]
								}
							},
							"status": "OK",
							"code": 200,
							"_postman_previewlanguage": "html",
							"header": [
								{
									"key": "X-Powered-By",
									"value": "Express"
								},
								{
									"key": "Content-Type",
									"value": "text/html; charset=utf-8"
								},
								{
									"key": "Content-Length",
									"value": "29"
								},
								{
									"key": "ETag",
									"value": "W/\"1d-dqF1qYmFfcwlQ2IGcWFTXNNv3fA\""
								},
								{
									"key": "Date",
									"value": "Fri, 24 Jun 2022 18:01:10 GMT"
								},
								{
									"key": "Connection",
									"value": "keep-alive"
								},
								{
									"key": "Keep-Alive",
									"value": "timeout=5"
								}
							],
							"cookie": [],
							"body": "Admin offices locations route"
						}
					]
				},
				{
					"name": "Admin Users Route",
					"request": {
						"method": "GET",
						"header": [],
						"url": {
							"raw": "http://localhost:3000/admin/users",
							"protocol": "http",
							"host": [
								"localhost"
							],
							"port": "3000",
							"path": [
								"admin",
								"users"
							]
						}
					},
					"response": [
						{
							"name": "Admin Users Route",
							"originalRequest": {
								"method": "GET",
								"header": [],
								"url": {
									"raw": "http://localhost:3000/admin/users",
									"protocol": "http",
									"host": [
										"localhost"
									],
									"port": "3000",
									"path": [
										"admin",
										"users"
									]
								}
							},
							"status": "OK",
							"code": 200,
							"_postman_previewlanguage": "html",
							"header": [
								{
									"key": "X-Powered-By",
									"value": "Express"
								},
								{
									"key": "Content-Type",
									"value": "text/html; charset=utf-8"
								},
								{
									"key": "Content-Length",
									"value": "17"
								},
								{
									"key": "ETag",
									"value": "W/\"11-dMyTqg7CdUQ4/cL/1pGSvaUWNO8\""
								},
								{
									"key": "Date",
									"value": "Fri, 24 Jun 2022 18:02:07 GMT"
								},
								{
									"key": "Connection",
									"value": "keep-alive"
								},
								{
									"key": "Keep-Alive",
									"value": "timeout=5"
								}
							],
							"cookie": [],
							"body": "Admin users route"
						}
					]
				},
				{
					"name": "Admin Users Students Route",
					"request": {
						"method": "GET",
						"header": [],
						"url": {
							"raw": "http://localhost:3000/admin/users/students",
							"protocol": "http",
							"host": [
								"localhost"
							],
							"port": "3000",
							"path": [
								"admin",
								"users",
								"students"
							]
						}
					},
					"response": [
						{
							"name": "Admin Users Students Route",
							"originalRequest": {
								"method": "GET",
								"header": [],
								"url": {
									"raw": "http://localhost:3000/admin/users/students",
									"protocol": "http",
									"host": [
										"localhost"
									],
									"port": "3000",
									"path": [
										"admin",
										"users",
										"students"
									]
								}
							},
							"status": "OK",
							"code": 200,
							"_postman_previewlanguage": "html",
							"header": [
								{
									"key": "X-Powered-By",
									"value": "Express"
								},
								{
									"key": "Content-Type",
									"value": "text/html; charset=utf-8"
								},
								{
									"key": "Content-Length",
									"value": "25"
								},
								{
									"key": "ETag",
									"value": "W/\"19-Dua3STy9323Eggh8Sh65RXZdiNA\""
								},
								{
									"key": "Date",
									"value": "Fri, 24 Jun 2022 18:02:38 GMT"
								},
								{
									"key": "Connection",
									"value": "keep-alive"
								},
								{
									"key": "Keep-Alive",
									"value": "timeout=5"
								}
							],
							"cookie": [],
							"body": "Admin user students route"
						}
					]
				}
			]
		}
	]
}